Metric,,,Balanced accuracy,Balanced accuracy,Balanced accuracy,Balanced accuracy,Balanced accuracy,Balanced accuracy,ROC AUC,ROC AUC,ROC AUC,ROC AUC,ROC AUC,ROC AUC,Sensitivity,Sensitivity,Sensitivity,Sensitivity,Sensitivity,Sensitivity,Specificity,Specificity,Specificity,Specificity,Specificity,Specificity
Statistic,,,Observed,2.5%,97.5%,8.5%,91.5%,Significance,Observed,2.5%,97.5%,8.5%,91.5%,Significance,Observed,2.5%,97.5%,8.5%,91.5%,Significance,Observed,2.5%,97.5%,8.5%,91.5%,Significance
Strain task,Learning architecture,Strain task grouping,,,,,,,,,,,,,,,,,,,,,,,,
TA100,ST,TA100,0.7307224876372476,0.6857807392506915,0.776139363842092,0.6984012237029587,0.7628446903025732,-,0.8348524851227893,0.7953325370882575,0.8734253205934122,0.8053695729611935,0.8632511419830693,-,0.5284552845528455,0.43089430894308944,0.6097560975609756,0.4715447154471545,0.5860569105691059,-,0.9329896907216495,0.9072164948453608,0.9561855670103093,0.9149484536082474,0.9484536082474226,-
TA100,uMT,"TA100, TA100+S9, TA102, TA102+S9, TA104, TA104+S9, TA1535, TA1535+S9, TA1537, TA1537+S9, TA1538, TA1538+S9, TA97, TA97+S9, TA98, TA98+S9",0.8060724163942671,0.760941559802196,0.8480387226552678,0.7757063531975527,0.8367238182046769,*,0.9144874696169644,0.8816297879473641,0.9435556533400387,0.8922938144329897,0.93500880060347,**,0.6585365853658537,0.5772357723577236,0.7398373983739838,0.6016260162601627,0.7154471544715447,*,0.9536082474226805,0.9329896907216495,0.9742268041237113,0.9381443298969072,0.9690721649484536,NS
TA100,gMT,"TA100, TA102, TA104, TA1535, TA1537, TA1538, TA97, TA98",0.7938772944430476,0.7521323128824072,0.8369109357975022,0.7641333500963876,0.8247108373145587,*,0.8945184812672868,0.8578241555611434,0.9261838907048865,0.8696373941832201,0.9179274578828263,*,0.6341463414634146,0.5528455284552846,0.7154471544715447,0.5772357723577236,0.6910569105691057,NS,0.9536082474226805,0.9329252577319589,0.9742268041237113,0.9381443298969072,0.9690721649484536,NS
TA100,gMT,"TA100, TA100+S9, TA102, TA102+S9, TA104, TA104+S9, TA1535, TA1535+S9",0.7638399966473892,0.71951769549912,0.8118292159081384,0.7327904722990529,0.7965593831196044,NS,0.8858645545218339,0.8499559969826503,0.9177992205179785,0.8615051127315396,0.9082017433576398,NS,0.6178861788617886,0.5284552845528455,0.7073170731707317,0.5528455284552846,0.675487804878049,NS,0.9097938144329897,0.8788659793814433,0.9355670103092784,0.8891752577319587,0.9278350515463918,NS
TA100,gMT,"TA100, TA102, TA104, TA1535",0.7599740172659459,0.7117807602045092,0.8027166624759031,0.7268315732126394,0.790807560137457,NS,0.844103595675132,0.7984701093789289,0.8816114533568016,0.8134200821389657,0.8705775919872601,NS,0.6178861788617886,0.5284552845528455,0.6993902439024389,0.5528455284552846,0.6747967479674797,NS,0.9020618556701031,0.8711340206185567,0.9304123711340206,0.8814432989690721,0.9201030927835051,NS
TA100+S9,ST,TA100+S9,0.7191871932480162,0.6732182583367736,0.7644399912848034,0.6876175404797945,0.7520472684739232,-,0.8471859089032613,0.8106958969772029,0.8832467547360213,0.8229543942938398,0.8735732879225724,-,0.5271317829457365,0.4418604651162791,0.6124031007751938,0.46511627906976744,0.5891472868217055,-,0.9112426035502958,0.8816568047337278,0.9408284023668639,0.8905325443786982,0.9319526627218935,-
TA100+S9,uMT,"TA100, TA100+S9, TA102, TA102+S9, TA104, TA104+S9, TA1535, TA1535+S9, TA1537, TA1537+S9, TA1538, TA1538+S9, TA97, TA97+S9, TA98, TA98+S9",0.820524287876703,0.7819047864776845,0.8592980253199395,0.7931558758772533,0.8482481881565066,**,0.9356795559836705,0.9149577427640935,0.9561264391541672,0.9206458419338563,0.951107059309206,**,0.7209302325581395,0.6511627906976745,0.7906976744186046,0.6666666666666666,0.7751937984496124,**,0.9201183431952663,0.8905325443786982,0.9467455621301775,0.9023668639053254,0.9408284023668639,NS
TA100+S9,gMT,"TA100+S9, TA102+S9, TA104+S9, TA1535+S9, TA1537+S9, TA1538+S9, TA97+S9, TA98+S9",0.7957891839823861,0.7501897848722535,0.8384248428971148,0.7649178363377827,0.8262350350901335,*,0.9093046190541718,0.8821828700518325,0.9360436447869364,0.8906125865785972,0.9292358722076969,*,0.6744186046511628,0.5891472868217055,0.751937984496124,0.6124031007751938,0.7286821705426356,*,0.9171597633136095,0.8875739644970414,0.9467455621301775,0.8964497041420119,0.9378698224852071,NS
TA100+S9,gMT,"TA100, TA100+S9, TA102, TA102+S9, TA104, TA104+S9, TA1535, TA1535+S9",0.7863515435071786,0.7429386840053208,0.8294037544149351,0.7559943351222421,0.8170038071648089,*,0.8964153020503647,0.8652550341727443,0.9234822943901656,0.8759392344387872,0.91554114490161,*,0.6821705426356589,0.6046511627906976,0.7596899224806202,0.627906976744186,0.7364341085271318,*,0.8905325443786982,0.8550295857988166,0.9201183431952663,0.8668639053254438,0.9142011834319527,NS
TA100+S9,gMT,"TA100+S9, TA102+S9, TA104+S9, TA1535+S9",0.7799298197330398,0.7391200518324847,0.8222188775744231,0.7504013577358837,0.8109677881748544,NS,0.8789161047658365,0.8430080615568094,0.9122858469794963,0.8543749713315902,0.9026318173478282,NS,0.627906976744186,0.5503875968992248,0.7054263565891473,0.5736434108527132,0.689922480620155,NS,0.9319526627218935,0.9053254437869822,0.9556952662721893,0.9112426035502958,0.9497041420118343,NS
TA102,ST,TA102,0.6742857142857143,0.5471428571428572,0.808154761904762,0.5804761904761905,0.7657142857142857,-,0.7676190476190476,0.6190238095238095,0.8934285714285713,0.6684904761904762,0.8571428571428571,-,0.42857142857142855,0.14285714285714285,0.7142857142857143,0.21428571428571427,0.5714285714285714,-,0.92,0.8533333333333334,0.9733333333333334,0.88,0.96,-
TA102,uMT,"TA100, TA100+S9, TA102, TA102+S9, TA104, TA104+S9, TA1535, TA1535+S9, TA1537, TA1537+S9, TA1538, TA1538+S9, TA97, TA97+S9, TA98, TA98+S9",0.8595238095238096,0.7457142857142858,0.9666666666666667,0.783607142857143,0.930952380952381,*,0.9542857142857143,0.9009285714285714,0.9885714285714285,0.9238095238095237,0.9819047619047618,**,0.7857142857142857,0.5714285714285714,1.0,0.6428571428571429,0.9285714285714286,*,0.9333333333333333,0.8666666666666667,0.9866666666666667,0.8933333333333333,0.9733333333333334,NS
TA102,gMT,"TA100, TA102, TA104, TA1535",0.9042857142857144,0.8128571428571428,0.9666666666666667,0.8419047619047619,0.9533333333333334,**,0.9033333333333333,0.8052261904761905,0.969547619047619,0.839047619047619,0.9580952380952381,NS,0.9285714285714286,0.7857142857142857,1.0,0.8571428571428571,1.0,**,0.88,0.8,0.9466666666666667,0.8266666666666667,0.9333333333333333,NS
TA102,gMT,"TA100, TA100+S9, TA102, TA102+S9, TA104, TA104+S9, TA1535, TA1535+S9",0.8752380952380951,0.7704761904761905,0.96,0.8059880952380952,0.94,*,0.9523809523809523,0.9038095238095238,0.9876190476190476,0.920952380952381,0.979047619047619,**,0.8571428571428571,0.6428571428571429,1.0,0.7142857142857143,1.0,*,0.8933333333333333,0.8263333333333336,0.96,0.84,0.9466666666666667,NS
TA102,gMT,"TA100, TA102, TA104, TA1535, TA1537, TA1538, TA97, TA98",0.8261904761904761,0.7057142857142857,0.930952380952381,0.7480952380952381,0.9042857142857144,NS,0.9219047619047618,0.8551666666666667,0.9762142857142858,0.8752380952380953,0.9619047619047619,*,0.7857142857142857,0.5714285714285714,1.0,0.6428571428571429,0.9285714285714286,*,0.8666666666666667,0.7866666666666666,0.9333333333333333,0.8133333333333334,0.92,NS
TA102+S9,ST,TA102+S9,0.5483091787439613,0.4782608695652174,0.6666666666666666,0.4855072463768116,0.6111111111111112,-,0.6843800322061192,0.4991143317230274,0.8599436392914653,0.5507246376811594,0.8083735909822867,-,0.1111111111111111,0.0,0.3333333333333333,0.0,0.2222222222222222,-,0.9855072463768116,0.9565217391304348,1.0,0.9710144927536232,1.0,-
TA102+S9,uMT,"TA100, TA100+S9, TA102, TA102+S9, TA104, TA104+S9, TA1535, TA1535+S9, TA1537, TA1537+S9, TA1538, TA1538+S9, TA97, TA97+S9, TA98, TA98+S9",0.6714975845410628,0.5120772946859903,0.8383454106280191,0.5603864734299517,0.7898550724637681,NS,0.932367149758454,0.8695652173913043,0.9807165861513687,0.8872785829307569,0.9710144927536232,**,0.4444444444444444,0.1111111111111111,0.7777777777777778,0.2222222222222222,0.6666666666666666,NS,0.8985507246376812,0.8260869565217391,0.9710144927536232,0.855072463768116,0.9565217391304348,NS
TA102+S9,gMT,"TA100+S9, TA102+S9, TA104+S9, TA1535+S9, TA1537+S9, TA1538+S9, TA97+S9, TA98+S9",0.8599033816425121,0.7004830917874396,0.9855072463768115,0.7560386473429952,0.963768115942029,**,0.9194847020933976,0.774476650563607,0.9967793880837359,0.8293075684380032,0.9919484702093397,*,0.7777777777777778,0.4444444444444444,1.0,0.5555555555555556,1.0,**,0.9420289855072463,0.8840579710144928,0.9855072463768116,0.8985507246376812,0.9855072463768116,NS
TA102+S9,gMT,"TA100, TA100+S9, TA102, TA102+S9, TA104, TA104+S9, TA1535, TA1535+S9",0.8454106280193237,0.6979468599033818,0.9710144927536232,0.7415458937198067,0.9420289855072463,**,0.9484702093397746,0.8937198067632851,0.988768115942029,0.9130434782608695,0.9790660225442834,**,0.7777777777777778,0.4444444444444444,1.0,0.5555555555555556,1.0,**,0.9130434782608695,0.8405797101449275,0.9710144927536232,0.8695652173913043,0.9565217391304348,NS
TA102+S9,gMT,"TA100+S9, TA102+S9, TA104+S9, TA1535+S9",0.7705314009661837,0.6111111111111112,0.9371980676328502,0.6594202898550725,0.8816425120772947,*,0.9371980676328502,0.8502415458937198,1.0,0.8855314009661835,0.9871175523349437,*,0.5555555555555556,0.2222222222222222,0.8888888888888888,0.3333333333333333,0.7777777777777778,*,0.9855072463768116,0.9565217391304348,1.0,0.9710144927536232,1.0,NS
TA104,ST,TA104,0.7916666666666666,0.6180555555555556,0.9444444444444444,0.6736111111111112,0.9236111111111112,-,0.8379629629629629,0.6434027777777779,0.9907407407407407,0.7037037037037037,0.9583333333333333,-,0.6666666666666666,0.3333333333333333,1.0,0.4444444444444444,0.8888888888888888,-,0.9166666666666666,0.7916666666666666,1.0,0.8333333333333334,1.0,-
TA104,uMT,"TA100, TA100+S9, TA102, TA102+S9, TA104, TA104+S9, TA1535, TA1535+S9, TA1537, TA1537+S9, TA1538, TA1538+S9, TA97, TA97+S9, TA98, TA98+S9",0.7569444444444444,0.6111111111111112,0.9236111111111112,0.6458333333333334,0.8680555555555556,NS,0.875,0.7267361111111111,0.9861111111111112,0.7824074074074073,0.9675925925925926,NS,0.5555555555555556,0.3333333333333333,0.8888888888888888,0.3333333333333333,0.7777777777777778,NS,0.9583333333333334,0.875,1.0,0.9166666666666666,1.0,NS
TA104,gMT,"TA100, TA102, TA104, TA1535",0.7916666666666666,0.6248263888888891,0.9444444444444444,0.6805555555555556,0.9027777777777777,NS,0.7777777777777777,0.5393518518518519,0.9699074074074074,0.6157407407407408,0.9170601851851854,NS,0.6666666666666666,0.3333333333333333,0.8888888888888888,0.4444444444444444,0.8888888888888888,NS,0.9166666666666666,0.7916666666666666,1.0,0.8333333333333334,1.0,NS
TA104,gMT,"TA100, TA100+S9, TA102, TA102+S9, TA104, TA104+S9, TA1535, TA1535+S9",0.7569444444444444,0.5694444444444444,0.9236111111111112,0.625,0.8819444444444444,NS,0.8425925925925926,0.6200231481481483,0.9907407407407407,0.7037037037037037,0.9722222222222222,NS,0.5555555555555556,0.2222222222222222,0.8888888888888888,0.3333333333333333,0.7777777777777778,NS,0.9583333333333334,0.875,1.0,0.9166666666666666,1.0,NS
TA104,gMT,"TA100, TA102, TA104, TA1535, TA1537, TA1538, TA97, TA98",0.75,0.5763888888888888,0.9027777777777777,0.6319444444444444,0.8611111111111112,NS,0.8148148148148149,0.6063657407407408,0.9722222222222222,0.675925925925926,0.9305555555555555,NS,0.6666666666666666,0.3333333333333333,0.8888888888888888,0.4444444444444444,0.8888888888888888,NS,0.8333333333333334,0.6666666666666666,0.9583333333333334,0.7083333333333334,0.9166666666666666,NS
TA104+S9,ST,TA104+S9,0.8233082706766917,0.661466165413534,0.9473684210526316,0.7061278195488723,0.9210526315789473,-,0.8909774436090225,0.7518796992481203,0.9849624060150376,0.7969924812030076,0.9699248120300752,-,0.8571428571428571,0.5714285714285714,1.0,0.7142857142857143,1.0,-,0.7894736842105263,0.5789473684210527,0.9473684210526315,0.6797368421052642,0.8947368421052632,-
TA104+S9,uMT,"TA100, TA100+S9, TA102, TA102+S9, TA104, TA104+S9, TA1535, TA1535+S9, TA1537, TA1537+S9, TA1538, TA1538+S9, TA97, TA97+S9, TA98, TA98+S9",0.8045112781954887,0.6165413533834586,0.9736842105263157,0.6616541353383458,0.9216917293233086,NS,0.9022556390977443,0.7593984962406015,1.0,0.8120300751879699,0.9774436090225564,NS,0.7142857142857143,0.42857142857142855,1.0,0.42857142857142855,0.8571428571428571,NS,0.8947368421052632,0.7368421052631579,1.0,0.7894736842105263,1.0,NS
TA104+S9,gMT,"TA100+S9, TA102+S9, TA104+S9, TA1535+S9",0.9022556390977443,0.7330827067669172,1.0,0.8045112781954887,1.0,NS,0.9473684210526316,0.8421052631578947,1.0,0.894736842105263,1.0,NS,0.8571428571428571,0.5714285714285714,1.0,0.7142857142857143,1.0,NS,0.9473684210526315,0.8421052631578947,1.0,0.8947368421052632,1.0,NS
TA104+S9,gMT,"TA100, TA100+S9, TA102, TA102+S9, TA104, TA104+S9, TA1535, TA1535+S9",0.8045112781954887,0.6165413533834586,0.9736842105263157,0.6804511278195489,0.9285714285714286,NS,0.9548872180451127,0.8796992481203008,1.0,0.9097744360902256,1.0,NS,0.7142857142857143,0.42857142857142855,1.0,0.42857142857142855,1.0,NS,0.8947368421052632,0.7368421052631579,1.0,0.7894736842105263,1.0,NS
TA104+S9,gMT,"TA100+S9, TA102+S9, TA104+S9, TA1535+S9, TA1537+S9, TA1538+S9, TA97+S9, TA98+S9",0.8045112781954887,0.6275375939849627,0.9736842105263157,0.6616541353383458,0.9285714285714286,NS,0.9097744360902256,0.7819548872180451,1.0,0.8345864661654135,0.9780827067669177,NS,0.7142857142857143,0.42857142857142855,1.0,0.42857142857142855,1.0,NS,0.8947368421052632,0.7368421052631579,1.0,0.7894736842105263,1.0,NS
TA1535,ST,TA1535,0.6578399122807017,0.5796710526315789,0.7446162280701754,0.5988486842105263,0.7203399122807017,-,0.8633771929824561,0.8071189692982457,0.9155701754385964,0.8243421052631579,0.9019013157894736,-,0.34375,0.1875,0.53125,0.21875,0.46875,-,0.9719298245614035,0.9508771929824561,0.9894736842105263,0.9578947368421052,0.9859649122807017,-
TA1535,uMT,"TA100, TA100+S9, TA102, TA102+S9, TA104, TA104+S9, TA1535, TA1535+S9, TA1537, TA1537+S9, TA1538, TA1538+S9, TA97, TA97+S9, TA98, TA98+S9",0.722094298245614,0.635157620614035,0.8106249999999999,0.6613486842105263,0.784594298245614,NS,0.9422149122807018,0.9027247807017544,0.9728097587719299,0.9153322368421052,0.9655794956140352,*,0.46875,0.28125,0.65625,0.34375,0.59375,NS,0.9754385964912281,0.9543859649122807,0.9929824561403509,0.9614035087719298,0.9859649122807017,NS
TA1535,gMT,"TA100, TA100+S9, TA102, TA102+S9, TA104, TA104+S9, TA1535, TA1535+S9",0.812171052631579,0.7270285087719298,0.8920504385964912,0.7531798245614035,0.8695723684210526,*,0.9286184210526316,0.8975822368421053,0.9583415570175439,0.9066885964912281,0.9516540570175439,*,0.6875,0.53125,0.84375,0.5625,0.78125,*,0.9368421052631579,0.9087719298245615,0.9614912280701754,0.9192982456140351,0.9578947368421052,NS
TA1535,gMT,"TA100, TA102, TA104, TA1535",0.6804824561403509,0.6006030701754386,0.7603618421052631,0.6197368421052631,0.7412280701754386,NS,0.9040570175438596,0.845063048245614,0.9558141447368421,0.8623717105263158,0.9445361842105263,NS,0.375,0.21875,0.53125,0.25,0.5,NS,0.9859649122807017,0.9719298245614035,0.9964912280701754,0.9754385964912281,0.9929824561403509,NS
TA1535,gMT,"TA100, TA102, TA104, TA1535, TA1537, TA1538, TA97, TA98",0.6525767543859649,0.5709429824561403,0.7360046600877193,0.5935715460526315,0.7150767543859649,NS,0.868859649122807,0.8022916666666667,0.9259895833333334,0.8238848684210526,0.9106825657894737,NS,0.34375,0.1875,0.5,0.21875,0.46875,NS,0.9614035087719298,0.9403508771929825,0.9790350877192983,0.9473684210526315,0.9754385964912281,NS
TA1535+S9,ST,TA1535+S9,0.688028627195836,0.5939736499674692,0.7799430709173714,0.6247234873129472,0.7569941444372154,-,0.8070266753415745,0.7275146389069616,0.8866655823031881,0.7513116460637606,0.8648458035133377,-,0.41379310344827586,0.2413793103448276,0.5862068965517241,0.27586206896551724,0.5517241379310345,-,0.9622641509433962,0.939622641509434,0.9849056603773585,0.9471698113207547,0.9773584905660377,-
TA1535+S9,uMT,"TA100, TA100+S9, TA102, TA102+S9, TA104, TA104+S9, TA1535, TA1535+S9, TA1537, TA1537+S9, TA1538, TA1538+S9, TA97, TA97+S9, TA98, TA98+S9",0.7664281067013663,0.678334417696812,0.8526350032530905,0.697462589459987,0.8238126219908913,NS,0.9381912817176318,0.8956213402732596,0.9696811971372804,0.9102147039687704,0.9609629147690306,**,0.5517241379310345,0.3793103448275862,0.7241379310344828,0.41379310344827586,0.6551724137931034,NS,0.9811320754716981,0.9622641509433962,0.9962264150943396,0.969811320754717,0.9924528301886792,NS
TA1535+S9,gMT,"TA100+S9, TA102+S9, TA104+S9, TA1535+S9",0.7936239427456083,0.7093038386467144,0.8723243331164605,0.7358409238776839,0.8532937540663631,NS,0.9030579050097592,0.8370705920624594,0.9515972674040338,0.8629743005855562,0.940083604424203,NS,0.6551724137931034,0.4827586206896552,0.8275862068965517,0.5517241379310345,0.7586206896551724,NS,0.9320754716981132,0.9018867924528302,0.9585849056603772,0.909433962264151,0.9509433962264151,NS
TA1535+S9,gMT,"TA100, TA100+S9, TA102, TA102+S9, TA104, TA104+S9, TA1535, TA1535+S9",0.6996096291476903,0.6077423552374757,0.7877504879635653,0.6403383214053351,0.7685751463890695,NS,0.9237475601821731,0.8870396877033181,0.9539525048796358,0.900195185426155,0.9467905009759272,**,0.4482758620689655,0.27586206896551724,0.6206896551724138,0.3448275862068966,0.5862068965517241,NS,0.9509433962264151,0.9245283018867925,0.9773584905660377,0.9320754716981132,0.969811320754717,NS
TA1535+S9,gMT,"TA100+S9, TA102+S9, TA104+S9, TA1535+S9, TA1537+S9, TA1538+S9, TA97+S9, TA98+S9",0.5883539362394274,0.5212752114508783,0.6629798308392973,0.536629798308393,0.6419648666232921,NS,0.8779440468445023,0.8140143135979182,0.9326089785296031,0.8345907612231619,0.9202784645413142,NS,0.20689655172413793,0.06896551724137931,0.3448275862068966,0.10344827586206896,0.3103448275862069,NS,0.969811320754717,0.9471698113207547,0.9886792452830189,0.9547169811320755,0.9849056603773585,NS
TA1537,ST,TA1537,0.7531475574953836,0.6642605338257512,0.8440133456437804,0.6859996642605338,0.8202954507302334,-,0.8714117844552628,0.7807453416149069,0.9524928655363438,0.8081106261541043,0.9296911196911197,-,0.5217391304347826,0.34782608695652173,0.6956521739130435,0.391304347826087,0.6521739130434783,-,0.9845559845559846,0.9691119691119691,0.9961389961389961,0.972972972972973,0.9922779922779923,-
TA1537,uMT,"TA100, TA100+S9, TA102, TA102+S9, TA104, TA104+S9, TA1535, TA1535+S9, TA1537, TA1537+S9, TA1538, TA1538+S9, TA97, TA97+S9, TA98, TA98+S9",0.8579822058082928,0.7671646802081584,0.9468692294779251,0.792764814503945,0.9231995971126405,NS,0.9477925130099043,0.8903684740641262,0.9867424878294444,0.9084967265402047,0.9800235017626322,NS,0.7391304347826086,0.5652173913043478,0.9130434782608695,0.6086956521739131,0.8695652173913043,NS,0.9768339768339769,0.9575289575289575,0.9922779922779923,0.9613899613899614,0.9884169884169884,NS
TA1537,gMT,"TA100, TA102, TA104, TA1535, TA1537, TA1538, TA97, TA98",0.8125734430082256,0.7096210340775558,0.899529964747356,0.7454255497733758,0.8777908343125735,NS,0.9056572100050361,0.8285630350847742,0.9654230317273795,0.8556857478596609,0.9519892563370824,NS,0.6521739130434783,0.43478260869565216,0.8260869565217391,0.5217391304347826,0.782608695652174,NS,0.972972972972973,0.9535714285714286,0.9922779922779923,0.9575289575289575,0.9845559845559846,NS
TA1537,gMT,"TA1537, TA1537+S9, TA1538, TA1538+S9, TA97, TA97+S9, TA98, TA98+S9",0.7570085613563875,0.6502434111129763,0.8599609702870572,0.6879301661910358,0.8241564545912372,NS,0.9479603827429914,0.8693889541715627,0.9921101225449052,0.8997817693469867,0.987913379217727,NS,0.5217391304347826,0.30434782608695654,0.7391304347826086,0.391304347826087,0.6521739130434783,NS,0.9922779922779923,0.9806949806949807,1.0,0.9845559845559846,1.0,NS
TA1537,gMT,"TA1537, TA1538, TA97, TA98",0.7550780594258855,0.6444519053214706,0.8637737115997985,0.6737489508141682,0.8223900453248281,NS,0.8947456773543729,0.7961935538022494,0.9660903139164009,0.8277513849252979,0.9493033406076884,NS,0.5217391304347826,0.30434782608695654,0.7391304347826086,0.34782608695652173,0.6521739130434783,NS,0.9884169884169884,0.972972972972973,1.0,0.9803667953667955,0.9961389961389961,NS
TA1537+S9,ST,TA1537+S9,0.6339271255060729,0.5519028340080971,0.7179757085020243,0.5737550607287449,0.6939271255060728,-,0.9076923076923078,0.8513117408906883,0.9520728744939272,0.8726987854251012,0.9417004048582996,-,0.28,0.12,0.44,0.16,0.4,-,0.9878542510121457,0.97165991902834,1.0,0.979757085020243,0.9959514170040485,-
TA1537+S9,uMT,"TA100, TA100+S9, TA102, TA102+S9, TA104, TA104+S9, TA1535, TA1535+S9, TA1537, TA1537+S9, TA1538, TA1538+S9, TA97, TA97+S9, TA98, TA98+S9",0.7498785425101215,0.6478542510121458,0.847904858299595,0.6838056680161944,0.8238056680161944,NS,0.9497975708502024,0.9083319838056679,0.9823481781376519,0.9256267206477733,0.9757085020242914,NS,0.52,0.32,0.72,0.4,0.68,NS,0.979757085020243,0.9595141700404858,0.9959514170040485,0.9676113360323887,0.9919028340080972,NS
TA1537+S9,gMT,"TA1537+S9, TA1538+S9, TA97+S9, TA98+S9",0.8139271255060729,0.7179757085020243,0.9139271255060728,0.7519028340080971,0.8779757085020243,*,0.9588663967611336,0.9185222672064778,0.9878542510121457,0.9337651821862348,0.9820380566801619,NS,0.64,0.44,0.84,0.52,0.76,*,0.9878542510121457,0.97165991902834,1.0,0.979757085020243,0.9959514170040485,NS
TA1537+S9,gMT,"TA100+S9, TA102+S9, TA104+S9, TA1535+S9, TA1537+S9, TA1538+S9, TA97+S9, TA98+S9",0.7838056680161943,0.6878542510121457,0.8817813765182186,0.7098578947368421,0.8498785425101214,*,0.9444534412955465,0.9076882591093116,0.9732955465587044,0.9203101214574899,0.9664777327935223,NS,0.6,0.4,0.8,0.44,0.72,*,0.9676113360323887,0.9433198380566802,0.9878542510121457,0.951417004048583,0.9838056680161943,NS
TA1537+S9,gMT,"TA1537, TA1537+S9, TA1538, TA1538+S9, TA97, TA97+S9, TA98, TA98+S9",0.7498785425101215,0.6519028340080971,0.8478542510121457,0.68582995951417,0.8159514170040486,NS,0.9651821862348178,0.9350607287449393,0.9870526315789474,0.9462348178137652,0.9815384615384616,*,0.52,0.32,0.72,0.4,0.64,NS,0.979757085020243,0.9595141700404858,0.9959514170040485,0.9676113360323887,0.9919028340080972,NS
TA1538,ST,TA1538,0.669891640866873,0.5555340557275542,0.7875386996904025,0.5849458204334366,0.7548374613003096,-,0.8498452012383901,0.7425986842105264,0.9318982198142415,0.7797987616099071,0.9121845975232199,-,0.35294117647058826,0.11764705882352941,0.5882352941176471,0.17647058823529413,0.5294117647058824,-,0.9868421052631579,0.9671052631578947,1.0,0.9736842105263158,1.0,-
TA1538,uMT,"TA100, TA100+S9, TA102, TA102+S9, TA104, TA104+S9, TA1535, TA1535+S9, TA1537, TA1537+S9, TA1538, TA1538+S9, TA97, TA97+S9, TA98, TA98+S9",0.7809597523219814,0.656733746130031,0.8953173374613003,0.6927244582043344,0.8691950464396285,NS,0.9276315789473684,0.8180727554179565,0.9895510835913313,0.8633243034055728,0.9837461300309598,NS,0.5882352941176471,0.35294117647058826,0.8235294117647058,0.4117647058823529,0.7647058823529411,NS,0.9736842105263158,0.9473684210526315,0.993421052631579,0.9539473684210527,0.993421052631579,NS
TA1538,gMT,"TA1537, TA1537+S9, TA1538, TA1538+S9, TA97, TA97+S9, TA98, TA98+S9",0.8037925696594428,0.6861455108359134,0.9214396284829721,0.7218566176470589,0.8887383900928792,NS,0.94156346749226,0.8707333591331269,0.9891640866873065,0.8935758513931888,0.9829721362229102,NS,0.6470588235294118,0.4117647058823529,0.8823529411764706,0.47058823529411764,0.8235294117647058,NS,0.9605263157894737,0.9276315789473685,0.9868421052631579,0.9407894736842105,0.9802631578947368,NS
TA1538,gMT,"TA1537, TA1538, TA97, TA98",0.7776702786377709,0.6533620356037153,0.8953173374613003,0.6861455108359134,0.8659055727554179,NS,0.9316950464396284,0.8568014705882353,0.9825948142414861,0.8863999613003096,0.9750386996904024,NS,0.5882352941176471,0.35294117647058826,0.8235294117647058,0.4117647058823529,0.7647058823529411,NS,0.9671052631578947,0.9407894736842105,0.993421052631579,0.9473684210526315,0.9868421052631579,NS
TA1538,gMT,"TA100, TA102, TA104, TA1535, TA1537, TA1538, TA97, TA98",0.7710913312693499,0.6534442724458205,0.8855311532507739,0.6894349845201238,0.8560371517027863,NS,0.926470588235294,0.8436532507739939,0.9791118421052633,0.8757082043343654,0.9713622291021671,NS,0.5882352941176471,0.35294117647058826,0.8235294117647058,0.4117647058823529,0.7647058823529411,NS,0.9539473684210527,0.9210526315789473,0.9802631578947368,0.9276315789473685,0.9736842105263158,NS
TA1538+S9,ST,TA1538+S9,0.7606115107913669,0.6463983812949641,0.8784172661870504,0.685611510791367,0.8392086330935251,-,0.8276978417266186,0.7104136690647482,0.9313039568345324,0.7499694244604316,0.9068345323741007,-,0.55,0.3487500000000011,0.8,0.4,0.7,-,0.9712230215827338,0.9424460431654677,0.9928057553956835,0.9496402877697842,0.9856115107913669,-
TA1538+S9,uMT,"TA100, TA100+S9, TA102, TA102+S9, TA104, TA104+S9, TA1535, TA1535+S9, TA1537, TA1537+S9, TA1538, TA1538+S9, TA97, TA97+S9, TA98, TA98+S9",0.8998201438848921,0.8142086330935252,0.9712230215827338,0.8462230215827338,0.9534172661870504,*,0.9856115107913669,0.9701438848920863,0.9971223021582735,0.9765881294964028,0.9949640287769784,**,0.85,0.7,1.0,0.75,0.95,*,0.9496402877697842,0.9136690647482014,0.9856115107913669,0.9280575539568345,0.9718345323741009,NS
TA1538+S9,gMT,"TA1537, TA1537+S9, TA1538, TA1538+S9, TA97, TA97+S9, TA98, TA98+S9",0.9070143884892086,0.8248201438848921,0.9784172661870504,0.8534172661870504,0.9606115107913669,*,0.9877697841726618,0.9723021582733813,0.997841726618705,0.9780575539568346,0.99568345323741,**,0.85,0.7,1.0,0.75,0.95,*,0.9640287769784173,0.9280575539568345,0.9928057553956835,0.9424460431654677,0.9856115107913669,NS
TA1538+S9,gMT,"TA100+S9, TA102+S9, TA104+S9, TA1535+S9, TA1537+S9, TA1538+S9, TA97+S9, TA98+S9",0.849820143884892,0.7428057553956835,0.9354361510791367,0.7748201438848921,0.9142086330935252,NS,0.9654676258992806,0.9323561151079136,0.9884982014388489,0.943884892086331,0.9824046762589929,**,0.75,0.55,0.9,0.6,0.85,NS,0.9496402877697842,0.9134892086330937,0.9856115107913669,0.920863309352518,0.9712230215827338,NS
TA1538+S9,gMT,"TA1537+S9, TA1538+S9, TA97+S9, TA98+S9",0.8356115107913669,0.7320143884892086,0.9320143884892087,0.7642086330935252,0.9070143884892086,NS,0.9597122302158272,0.9107823741007194,0.9920863309352518,0.9262284172661871,0.9866906474820144,*,0.7,0.5,0.9,0.55,0.85,NS,0.9712230215827338,0.9424460431654677,0.9928057553956835,0.9496402877697842,0.9856115107913669,NS
TA97,ST,TA97,0.6077510275983559,0.4961832061068702,0.726952436876101,0.5308279506752789,0.6923076923076923,-,0.7721667645331768,0.6335290663534938,0.8849236641221374,0.6788021139166178,0.8561362301820318,-,0.23076923076923078,0.0,0.46153846153846156,0.07692307692307693,0.38461538461538464,-,0.9847328244274809,0.9618320610687023,1.0,0.9694656488549618,1.0,-
TA97,uMT,"TA100, TA100+S9, TA102, TA102+S9, TA104, TA104+S9, TA1535, TA1535+S9, TA1537, TA1537+S9, TA1538, TA1538+S9, TA97, TA97+S9, TA98, TA98+S9",0.7847915443335292,0.6385789782736347,0.9040883734586025,0.684942748091603,0.8731650029359953,NS,0.9577216676453317,0.9154433352906636,0.985907222548444,0.9295361127422197,0.9800352319436288,**,0.6153846153846154,0.3076923076923077,0.8461538461538461,0.4550000000000016,0.7692307692307693,*,0.9541984732824428,0.916030534351145,0.9847328244274809,0.9236641221374046,0.9770992366412213,NS
TA97,gMT,"TA100, TA102, TA104, TA1535, TA1537, TA1538, TA97, TA98",0.8426306517909572,0.723429242513212,0.950381679389313,0.7618907809747504,0.9233705226071638,*,0.9430416911332943,0.8790223135642983,0.9888432178508514,0.9042366412213741,0.9782736347621844,*,0.7692307692307693,0.5384615384615384,1.0,0.6153846153846154,0.9230769230769231,**,0.916030534351145,0.8702290076335878,0.9618320610687023,0.8854961832061069,0.9465648854961832,NS
TA97,gMT,"TA1537, TA1537+S9, TA1538, TA1538+S9, TA97, TA97+S9, TA98, TA98+S9",0.8423370522607163,0.7231356429829712,0.9577216676453317,0.7577803875513799,0.9230769230769231,*,0.9776864357017029,0.9424398120963006,1.0,0.9541984732824428,0.996476805637111,**,0.6923076923076923,0.46153846153846156,0.9230769230769231,0.5384615384615384,0.8461538461538461,*,0.9923664122137404,0.9770992366412213,1.0,0.9770992366412213,1.0,NS
TA97,gMT,"TA1537, TA1538, TA97, TA98",0.7809747504403993,0.6540443335290664,0.9116265413975337,0.680857310628303,0.8693482090428655,NS,0.9130945390487375,0.8260863182618909,0.9770992366412213,0.8587786259541985,0.9624192601291838,*,0.6153846153846154,0.38461538461538464,0.8461538461538461,0.46153846153846156,0.7692307692307693,*,0.9465648854961832,0.9082061068702292,0.9847328244274809,0.916030534351145,0.9701145038167941,NS
TA97+S9,ST,TA97+S9,0.5552995391705069,0.47580645161290325,0.6664746543778802,0.4879032258064516,0.6267281105990783,-,0.7355990783410139,0.5857862903225807,0.8600374423963133,0.6324395161290323,0.8283899769585255,-,0.14285714285714285,0.0,0.35714285714285715,0.0,0.2857142857142857,-,0.967741935483871,0.9354838709677419,0.9919354838709677,0.9435483870967742,0.9838709677419355,-
TA97+S9,uMT,"TA100, TA100+S9, TA102, TA102+S9, TA104, TA104+S9, TA1535, TA1535+S9, TA1537, TA1537+S9, TA1538, TA1538+S9, TA97, TA97+S9, TA98, TA98+S9",0.8329493087557605,0.7137096774193548,0.9441244239631337,0.7531134792626728,0.9164746543778801,**,0.9210829493087558,0.8387096774193549,0.9798387096774194,0.863479262672811,0.9700460829493088,*,0.7142857142857143,0.5,0.9285714285714286,0.5714285714285714,0.8571428571428571,**,0.9516129032258065,0.9112903225806451,0.9838709677419355,0.9274193548387096,0.9758064516129032,NS
TA97+S9,gMT,"TA1537, TA1537+S9, TA1538, TA1538+S9, TA97, TA97+S9, TA98, TA98+S9",0.8410138248847927,0.7061203917050692,0.956221198156682,0.7574884792626728,0.9164746543778801,**,0.9400921658986174,0.8737327188940094,0.9879032258064515,0.8957373271889401,0.9775345622119815,**,0.7142857142857143,0.42857142857142855,0.9285714285714286,0.5714285714285714,0.8571428571428571,**,0.967741935483871,0.9354838709677419,0.9919354838709677,0.9435483870967742,0.9919354838709677,NS
TA97+S9,gMT,"TA100+S9, TA102+S9, TA104+S9, TA1535+S9, TA1537+S9, TA1538+S9, TA97+S9, TA98+S9",0.7932027649769586,0.658410138248848,0.9164746543778801,0.6941244239631337,0.8802332949308755,*,0.9216589861751152,0.854233870967742,0.9735167050691244,0.8767281105990784,0.9591503456221199,*,0.6428571428571429,0.35714285714285715,0.8571428571428571,0.42857142857142855,0.7857142857142857,*,0.9435483870967742,0.8951612903225806,0.9758064516129032,0.9112903225806451,0.967741935483871,NS
TA97+S9,gMT,"TA1537+S9, TA1538+S9, TA97+S9, TA98+S9",0.6981566820276498,0.559331797235023,0.8329493087557605,0.603110599078341,0.8012672811059909,NS,0.9020737327188941,0.8306451612903226,0.9588277649769584,0.8562543202764977,0.9441244239631337,*,0.42857142857142855,0.14285714285714285,0.7142857142857143,0.21428571428571427,0.6428571428571429,NS,0.967741935483871,0.9354838709677419,0.9919354838709677,0.9435483870967742,0.9919354838709677,NS
TA98,ST,TA98,0.7299409237379162,0.6774395810955961,0.7796495703544576,0.6940655209452202,0.765655209452202,-,0.8499865735767992,0.8023093447905478,0.8924019871106337,0.8183351235230935,0.8801482948442535,-,0.5204081632653061,0.41836734693877553,0.6224489795918368,0.4489795918367347,0.5918367346938775,-,0.9394736842105263,0.9157894736842105,0.9631578947368421,0.9210526315789473,0.9552631578947368,-
TA98,uMT,"TA100, TA100+S9, TA102, TA102+S9, TA104, TA104+S9, TA1535, TA1535+S9, TA1537, TA1537+S9, TA1538, TA1538+S9, TA97, TA97+S9, TA98, TA98+S9",0.8270408163265306,0.78093649301826,0.8729632116004297,0.7960492749731471,0.8589825456498389,**,0.944468313641246,0.9168823845327604,0.9672677228786252,0.9260872717508055,0.9602063641245971,**,0.7040816326530612,0.6122448979591837,0.7959183673469388,0.6428571428571429,0.7653061224489796,*,0.95,0.9263157894736842,0.9710526315789474,0.9342105263157895,0.9657894736842105,NS
TA98,gMT,"TA1537, TA1537+S9, TA1538, TA1538+S9, TA97, TA97+S9, TA98, TA98+S9",0.8397153598281418,0.7898455961331902,0.8831921321160042,0.8062830290010742,0.870327604726101,**,0.9326799140708915,0.8995884801288936,0.9613594253490869,0.9100606874328678,0.9539187701396349,**,0.7346938775510204,0.6428571428571429,0.8163265306122449,0.673469387755102,0.7959183673469388,**,0.9447368421052632,0.9210526315789473,0.9658552631578947,0.9289473684210526,0.9605263157894737,NS
TA98,gMT,"TA100, TA102, TA104, TA1535, TA1537, TA1538, TA97, TA98",0.8176691729323309,0.7664876476906552,0.8634344790547798,0.7832569817400644,0.8484425349087004,*,0.9297261009667024,0.8971992481203007,0.9534116541353382,0.9088991675617615,0.9471695757250269,**,0.7142857142857143,0.6122448979591837,0.7961734693877549,0.6530612244897959,0.7755102040816326,*,0.9210526315789473,0.8947368421052632,0.9447368421052632,0.9026315789473685,0.9394736842105263,NS
TA98,gMT,"TA1537, TA1538, TA97, TA98",0.7875402792696026,0.7376745435016112,0.8347824919441461,0.7544575725026852,0.821952470461869,NS,0.901812567132116,0.8650751879699248,0.9349432733619764,0.8779369629430721,0.9260226906552094,NS,0.6224489795918368,0.5306122448979592,0.7142857142857143,0.5612244897959183,0.6836734693877551,NS,0.9526315789473684,0.9315789473684211,0.9710526315789474,0.9394736842105263,0.966013157894737,NS
TA98+S9,ST,TA98+S9,0.7423349056603774,0.6948815139263252,0.7892520215633423,0.7063398472596586,0.7753537735849056,-,0.8958333333333334,0.861235820979335,0.9260865902964959,0.8720632580862534,0.9184731581311769,-,0.5471698113207547,0.4528301886792453,0.6415094339622641,0.4811320754716981,0.6132075471698113,-,0.9375,0.9107142857142857,0.9613095238095238,0.9196428571428571,0.9553571428571429,-
TA98+S9,uMT,"TA100, TA100+S9, TA102, TA102+S9, TA104, TA104+S9, TA1535, TA1535+S9, TA1537, TA1537+S9, TA1538, TA1538+S9, TA97, TA97+S9, TA98, TA98+S9",0.8190420035938903,0.77088948787062,0.864495591868823,0.7889372753818509,0.8518081761006289,*,0.9510332434860738,0.9300005615453729,0.9699629380053908,0.9364844451931715,0.9650181098382749,**,0.6886792452830188,0.5943396226415094,0.7735849056603774,0.6320754716981132,0.7547169811320755,*,0.9494047619047619,0.9255952380952381,0.9732142857142857,0.9315476190476191,0.9672619047619048,NS
TA98+S9,gMT,"TA1537+S9, TA1538+S9, TA97+S9, TA98+S9",0.8326875561545373,0.788493935309973,0.8778701987870621,0.801409478885894,0.8627922843665768,*,0.9246125336927224,0.8926002358490566,0.9529312668463612,0.9036182474168913,0.9442280856918238,NS,0.6981132075471698,0.6132075471698113,0.7924528301886793,0.6320754716981132,0.7547169811320755,*,0.9672619047619048,0.9434523809523809,0.9821428571428571,0.9523809523809523,0.9791666666666666,NS
TA98+S9,gMT,"TA100+S9, TA102+S9, TA104+S9, TA1535+S9, TA1537+S9, TA1538+S9, TA97+S9, TA98+S9",0.8110961365678346,0.7639017576370171,0.8582722652740342,0.7815588499550763,0.8461490622192274,*,0.9410377358490566,0.9203146057951482,0.9625014038634321,0.9264560871518419,0.9563774707996406,*,0.6698113207547169,0.5754716981132075,0.7547169811320755,0.6132075471698113,0.7358490566037735,NS,0.9523809523809523,0.9285714285714286,0.9732142857142857,0.9375,0.9672619047619048,NS
TA98+S9,gMT,"TA1537, TA1537+S9, TA1538, TA1538+S9, TA97, TA97+S9, TA98, TA98+S9",0.8103380503144654,0.7628846585804133,0.8589959568733153,0.7788072776280324,0.8445923180592991,*,0.9496293800539083,0.9235455974842768,0.9739499101527402,0.9310093778077269,0.9672457603324348,*,0.6415094339622641,0.5471698113207547,0.7358490566037735,0.5754716981132075,0.7075471698113207,NS,0.9791666666666666,0.9613095238095238,0.9940476190476191,0.9672619047619048,0.9880952380952381,*
